c_i_parent,1,2,3,4,5,6,7,8,9,10,11,12,13,14,15,16,17,18,19,20,21,22,23,24,25,26,27,28,29,30,31,32,33,34,35,36,37,38,39,40,41,42,43,44,45,46,47,48,49,50,51,52,53,54,55,56,57,58,59,60,61,62,63,64,65,66,67,68,69,70,71,72,73,74,75,76,77,78,79,80,81,82,83,84,85,86,87,88,89,90,91,92,93,94,95,96,97,98,99,100
1,0.29,0.12,0.092,0.073,0.059,0.037,0.033,0.043,0.023,0.023,0.022,0.015,0.014,0.01,0.017,0.009,0.016,0.011,0.008,0.013,0.002,0.008,0.004,0.001,0.004,0.007,0.003,0.002,0.001,0.004,0.0,0.004,0.001,0.002,0.003,0.005,0.002,0.001,0.002,0.001,0.004,0.003,0.0,0.002,0.0,0.0,0.0,0.0,0.0,0.0,0.0,0.0,0.002,0.0,0.001,0.0,0.0,0.0,0.001,0.001,0.0,0.0,0.0,0.0,0.0,0.001,0.0,0.0,0.0,0.0,0.0,0.0,0.0,0.0,0.0,0.0,0.0,0.0,0.0,0.0,0.0,0.0,0.0,0.0,0.0,0.0,0.0,0.0,0.0,0.0,0.0,0.0,0.0,0.0,0.0,0.0,0.0,0.0,0.0,0.0
2,0.131,0.103,0.08,0.069,0.042,0.054,0.048,0.045,0.035,0.034,0.023,0.026,0.018,0.014,0.02,0.021,0.018,0.013,0.017,0.017,0.012,0.013,0.008,0.009,0.01,0.01,0.011,0.009,0.006,0.01,0.006,0.008,0.002,0.006,0.007,0.004,0.004,0.0,0.001,0.003,0.003,0.002,0.003,0.002,0.003,0.0,0.004,0.001,0.0,0.0,0.001,0.0,0.001,0.001,0.0,0.001,0.001,0.002,0.001,0.001,0.0,0.001,0.001,0.0,0.0,0.0,0.0,0.0,0.001,0.001,0.0,0.0,0.0,0.0,0.0,0.0,0.0,0.0,0.002,0.0,0.0,0.0,0.0,0.0,0.0,0.0,0.0,0.0,0.0,0.0,0.0,0.0,0.0,0.0,0.0,0.0,0.0,0.0,0.0,0.0
3,0.097,0.072,0.091,0.059,0.041,0.059,0.036,0.035,0.033,0.044,0.024,0.035,0.019,0.025,0.02,0.025,0.026,0.02,0.013,0.012,0.011,0.015,0.019,0.009,0.01,0.007,0.01,0.008,0.015,0.01,0.008,0.011,0.004,0.005,0.007,0.006,0.004,0.002,0.005,0.001,0.004,0.003,0.003,0.003,0.002,0.003,0.0,0.0,0.0,0.004,0.003,0.002,0.003,0.0,0.001,0.001,0.0,0.001,0.001,0.002,0.001,0.002,0.001,0.001,0.001,0.002,0.001,0.001,0.0,0.0,0.0,0.0,0.001,0.0,0.0,0.0,0.0,0.0,0.0,0.0,0.0,0.0,0.0,0.0,0.0,0.0,0.0,0.0,0.0,0.0,0.0,0.0,0.0,0.0,0.0,0.0,0.0,0.0,0.0,0.0
4,0.06,0.074,0.041,0.05,0.056,0.061,0.036,0.045,0.028,0.03,0.025,0.029,0.024,0.026,0.023,0.031,0.014,0.017,0.02,0.021,0.025,0.013,0.016,0.009,0.013,0.007,0.009,0.015,0.014,0.008,0.008,0.008,0.009,0.01,0.009,0.008,0.009,0.006,0.003,0.006,0.007,0.008,0.003,0.005,0.006,0.002,0.006,0.003,0.003,0.002,0.003,0.002,0.003,0.002,0.003,0.002,0.0,0.005,0.002,0.0,0.0,0.0,0.002,0.0,0.002,0.002,0.002,0.001,0.001,0.0,0.001,0.0,0.0,0.004,0.0,0.0,0.001,0.0,0.0,0.0,0.0,0.001,0.0,0.0,0.0,0.0,0.0,0.0,0.0,0.0,0.0,0.0,0.0,0.0,0.0,0.0,0.0,0.0,0.0,0.0
5,0.048,0.059,0.056,0.032,0.043,0.056,0.05,0.032,0.022,0.027,0.032,0.035,0.037,0.018,0.021,0.028,0.021,0.03,0.019,0.019,0.014,0.02,0.018,0.016,0.007,0.012,0.015,0.008,0.019,0.007,0.008,0.006,0.005,0.01,0.01,0.01,0.004,0.006,0.005,0.009,0.004,0.011,0.008,0.006,0.006,0.002,0.006,0.004,0.002,0.004,0.006,0.001,0.006,0.002,0.004,0.002,0.001,0.003,0.001,0.001,0.0,0.001,0.002,0.003,0.002,0.0,0.002,0.002,0.001,0.001,0.003,0.0,0.001,0.002,0.001,0.0,0.001,0.002,0.0,0.001,0.0,0.0,0.0,0.0,0.0,0.0,0.0,0.0,0.0,0.0,0.0,0.001,0.0,0.0,0.0,0.0,0.0,0.0,0.0,0.0
6,0.041,0.064,0.047,0.053,0.034,0.032,0.042,0.028,0.03,0.027,0.028,0.031,0.029,0.026,0.026,0.018,0.019,0.02,0.019,0.017,0.011,0.015,0.014,0.02,0.018,0.01,0.018,0.019,0.014,0.02,0.014,0.013,0.01,0.011,0.013,0.006,0.01,0.013,0.005,0.007,0.007,0.004,0.003,0.003,0.004,0.009,0.007,0.004,0.005,0.005,0.006,0.005,0.002,0.004,0.004,0.003,0.0,0.0,0.006,0.004,0.002,0.0,0.001,0.004,0.0,0.002,0.001,0.001,0.0,0.001,0.001,0.0,0.002,0.001,0.001,0.0,0.0,0.001,0.001,0.0,0.0,0.001,0.0,0.0,0.0,0.0,0.001,0.0,0.0,0.001,0.0,0.0,0.0,0.0,0.001,0.0,0.0,0.0,0.0,0.0
7,0.029,0.037,0.05,0.047,0.034,0.035,0.039,0.032,0.037,0.027,0.027,0.029,0.032,0.022,0.024,0.028,0.026,0.027,0.022,0.02,0.025,0.018,0.019,0.016,0.018,0.011,0.014,0.016,0.005,0.017,0.009,0.012,0.007,0.014,0.011,0.008,0.01,0.006,0.008,0.007,0.012,0.008,0.004,0.007,0.004,0.003,0.008,0.003,0.005,0.003,0.007,0.005,0.002,0.005,0.002,0.006,0.002,0.005,0.002,0.005,0.002,0.0,0.002,0.0,0.001,0.001,0.001,0.003,0.003,0.0,0.002,0.001,0.001,0.001,0.001,0.001,0.003,0.001,0.0,0.0,0.0,0.0,0.0,0.0,0.0,0.0,0.0,0.0,0.0,0.001,0.001,0.0,0.0,0.0,0.001,0.0,0.0,0.0,0.0,0.0
8,0.026,0.038,0.048,0.043,0.039,0.039,0.047,0.032,0.03,0.026,0.025,0.035,0.028,0.026,0.019,0.023,0.024,0.015,0.016,0.016,0.015,0.014,0.012,0.023,0.018,0.014,0.012,0.015,0.009,0.011,0.018,0.011,0.011,0.009,0.009,0.008,0.008,0.007,0.005,0.013,0.013,0.018,0.008,0.008,0.003,0.007,0.004,0.007,0.005,0.003,0.007,0.002,0.001,0.004,0.006,0.002,0.001,0.004,0.003,0.005,0.002,0.004,0.005,0.002,0.003,0.001,0.002,0.006,0.001,0.003,0.005,0.002,0.003,0.0,0.001,0.004,0.001,0.004,0.0,0.0,0.0,0.001,0.0,0.0,0.0,0.0,0.0,0.001,0.0,0.0,0.0,0.0,0.0,0.0,0.0,0.0,0.0,0.0,0.001,0.0
9,0.025,0.047,0.027,0.031,0.031,0.036,0.043,0.019,0.039,0.034,0.03,0.031,0.029,0.033,0.02,0.021,0.02,0.026,0.015,0.011,0.022,0.021,0.022,0.022,0.023,0.007,0.013,0.015,0.01,0.013,0.009,0.008,0.011,0.012,0.013,0.008,0.016,0.012,0.012,0.007,0.008,0.004,0.009,0.007,0.012,0.002,0.005,0.005,0.001,0.005,0.006,0.008,0.005,0.005,0.01,0.002,0.003,0.002,0.003,0.004,0.003,0.004,0.004,0.002,0.005,0.003,0.0,0.003,0.003,0.001,0.003,0.002,0.003,0.003,0.001,0.002,0.001,0.001,0.001,0.0,0.0,0.0,0.001,0.0,0.0,0.002,0.0,0.0,0.0,0.0,0.0,0.001,0.001,0.0,0.0,0.0,0.0,0.0,0.0,0.0
10,0.029,0.035,0.026,0.029,0.05,0.03,0.033,0.031,0.034,0.024,0.026,0.026,0.029,0.038,0.02,0.026,0.022,0.029,0.024,0.014,0.019,0.026,0.016,0.022,0.015,0.015,0.013,0.014,0.011,0.007,0.018,0.009,0.009,0.006,0.006,0.01,0.008,0.006,0.008,0.01,0.013,0.011,0.006,0.004,0.004,0.008,0.005,0.011,0.004,0.001,0.009,0.006,0.007,0.007,0.002,0.005,0.006,0.005,0.005,0.006,0.003,0.004,0.005,0.006,0.001,0.004,0.003,0.002,0.002,0.002,0.0,0.0,0.001,0.0,0.002,0.003,0.0,0.001,0.0,0.0,0.004,0.0,0.0,0.0,0.002,0.002,0.0,0.0,0.0,0.003,0.0,0.0,0.001,0.0,0.0,0.0,0.0,0.0,0.001,0.0
11,0.028,0.03,0.029,0.028,0.03,0.029,0.025,0.037,0.025,0.028,0.035,0.025,0.022,0.024,0.019,0.027,0.017,0.013,0.02,0.019,0.015,0.024,0.017,0.017,0.02,0.018,0.013,0.017,0.013,0.014,0.012,0.011,0.013,0.014,0.005,0.014,0.008,0.013,0.014,0.007,0.009,0.012,0.012,0.004,0.004,0.015,0.012,0.005,0.01,0.004,0.003,0.006,0.005,0.006,0.003,0.01,0.006,0.003,0.01,0.007,0.006,0.007,0.005,0.002,0.005,0.006,0.003,0.001,0.004,0.003,0.004,0.001,0.001,0.001,0.004,0.002,0.001,0.001,0.002,0.001,0.0,0.001,0.001,0.0,0.0,0.0,0.002,0.0,0.0,0.0,0.0,0.001,0.0,0.0,0.0,0.0,0.0,0.0,0.0,0.0
12,0.022,0.026,0.025,0.034,0.025,0.038,0.03,0.016,0.033,0.025,0.034,0.025,0.021,0.02,0.021,0.019,0.033,0.026,0.025,0.021,0.027,0.015,0.015,0.013,0.023,0.022,0.018,0.014,0.012,0.014,0.018,0.012,0.008,0.018,0.01,0.007,0.015,0.005,0.012,0.01,0.009,0.009,0.006,0.011,0.003,0.012,0.006,0.01,0.007,0.009,0.003,0.004,0.01,0.004,0.005,0.009,0.007,0.004,0.006,0.002,0.005,0.0,0.007,0.006,0.004,0.005,0.006,0.0,0.003,0.001,0.002,0.0,0.004,0.0,0.0,0.002,0.001,0.001,0.0,0.001,0.001,0.001,0.002,0.001,0.001,0.0,0.001,0.001,0.0,0.0,0.0,0.0,0.001,0.0,0.0,0.0,0.0,0.0,0.0,0.0
13,0.015,0.027,0.021,0.032,0.029,0.024,0.023,0.034,0.031,0.024,0.029,0.027,0.027,0.02,0.023,0.025,0.014,0.019,0.024,0.022,0.015,0.022,0.014,0.018,0.018,0.011,0.022,0.014,0.01,0.013,0.018,0.015,0.011,0.013,0.014,0.01,0.01,0.014,0.014,0.007,0.01,0.013,0.013,0.011,0.01,0.009,0.007,0.006,0.004,0.01,0.012,0.012,0.003,0.006,0.008,0.004,0.004,0.005,0.005,0.006,0.004,0.002,0.005,0.006,0.004,0.003,0.004,0.003,0.001,0.003,0.002,0.0,0.003,0.003,0.003,0.001,0.004,0.0,0.004,0.002,0.002,0.003,0.001,0.001,0.0,0.001,0.0,0.001,0.001,0.001,0.0,0.0,0.0,0.001,0.0,0.0,0.0,0.0,0.0,0.0
14,0.007,0.021,0.029,0.033,0.028,0.021,0.028,0.021,0.014,0.023,0.023,0.019,0.02,0.023,0.034,0.024,0.025,0.027,0.021,0.018,0.018,0.013,0.015,0.019,0.022,0.018,0.019,0.017,0.016,0.016,0.009,0.011,0.01,0.013,0.013,0.019,0.013,0.012,0.017,0.012,0.009,0.01,0.006,0.007,0.01,0.005,0.011,0.007,0.01,0.007,0.007,0.005,0.012,0.008,0.011,0.004,0.011,0.008,0.009,0.004,0.005,0.002,0.006,0.006,0.008,0.003,0.003,0.004,0.002,0.006,0.004,0.008,0.006,0.003,0.0,0.001,0.0,0.001,0.0,0.001,0.0,0.0,0.002,0.0,0.001,0.003,0.001,0.0,0.0,0.001,0.0,0.0,0.0,0.0,0.0,0.0,0.0,0.001,0.0,0.0
15,0.011,0.022,0.02,0.026,0.025,0.022,0.025,0.019,0.028,0.026,0.025,0.023,0.021,0.016,0.021,0.016,0.027,0.021,0.013,0.026,0.011,0.021,0.01,0.021,0.016,0.014,0.018,0.019,0.026,0.012,0.013,0.018,0.024,0.018,0.011,0.015,0.015,0.007,0.013,0.005,0.012,0.011,0.01,0.013,0.022,0.011,0.009,0.012,0.007,0.006,0.005,0.006,0.004,0.005,0.006,0.009,0.011,0.005,0.008,0.007,0.01,0.007,0.002,0.008,0.006,0.004,0.0,0.006,0.002,0.003,0.001,0.002,0.0,0.003,0.001,0.002,0.0,0.001,0.001,0.003,0.002,0.002,0.003,0.001,0.001,0.003,0.001,0.0,0.0,0.001,0.0,0.0,0.002,0.001,0.002,0.0,0.0,0.0,0.0,0.0
16,0.006,0.016,0.018,0.028,0.019,0.02,0.027,0.031,0.024,0.021,0.027,0.026,0.023,0.021,0.029,0.023,0.014,0.015,0.023,0.024,0.014,0.019,0.019,0.012,0.016,0.022,0.026,0.012,0.009,0.017,0.016,0.015,0.016,0.011,0.015,0.014,0.015,0.014,0.011,0.013,0.009,0.013,0.011,0.012,0.01,0.017,0.01,0.011,0.005,0.009,0.008,0.01,0.006,0.007,0.01,0.002,0.006,0.009,0.01,0.006,0.007,0.007,0.003,0.005,0.001,0.008,0.004,0.003,0.003,0.004,0.004,0.005,0.001,0.004,0.001,0.002,0.002,0.0,0.0,0.002,0.002,0.001,0.003,0.0,0.001,0.002,0.002,0.001,0.0,0.0,0.0,0.0,0.0,0.0,0.0,0.0,0.0,0.0,0.0,0.0
17,0.016,0.012,0.023,0.027,0.028,0.018,0.024,0.023,0.017,0.023,0.021,0.027,0.025,0.021,0.021,0.016,0.024,0.025,0.019,0.018,0.02,0.013,0.023,0.009,0.02,0.015,0.017,0.021,0.016,0.018,0.015,0.01,0.01,0.01,0.021,0.018,0.01,0.012,0.013,0.01,0.019,0.008,0.012,0.007,0.011,0.012,0.01,0.012,0.005,0.01,0.006,0.005,0.005,0.005,0.004,0.01,0.005,0.008,0.004,0.007,0.005,0.005,0.009,0.002,0.008,0.003,0.004,0.002,0.005,0.007,0.006,0.007,0.005,0.003,0.003,0.003,0.004,0.006,0.004,0.001,0.002,0.0,0.001,0.001,0.002,0.0,0.001,0.0,0.001,0.001,0.003,0.001,0.0,0.001,0.0,0.0,0.0,0.0,0.0,0.0
18,0.012,0.01,0.014,0.023,0.013,0.02,0.022,0.018,0.03,0.023,0.021,0.018,0.02,0.033,0.022,0.015,0.021,0.017,0.016,0.02,0.019,0.018,0.019,0.017,0.025,0.017,0.016,0.013,0.016,0.016,0.013,0.015,0.016,0.016,0.017,0.012,0.014,0.013,0.011,0.018,0.01,0.01,0.019,0.012,0.014,0.006,0.01,0.015,0.006,0.008,0.006,0.004,0.01,0.005,0.012,0.008,0.009,0.01,0.001,0.009,0.011,0.006,0.004,0.002,0.007,0.005,0.005,0.002,0.004,0.006,0.005,0.003,0.007,0.005,0.005,0.002,0.002,0.002,0.001,0.003,0.002,0.002,0.001,0.0,0.004,0.002,0.001,0.001,0.002,0.003,0.001,0.0,0.0,0.0,0.0,0.0,0.0,0.0,0.001,0.0
19,0.011,0.021,0.018,0.02,0.019,0.019,0.023,0.022,0.031,0.019,0.02,0.027,0.02,0.022,0.022,0.022,0.019,0.02,0.018,0.023,0.019,0.023,0.022,0.015,0.016,0.007,0.01,0.017,0.025,0.015,0.026,0.015,0.017,0.008,0.011,0.009,0.011,0.015,0.016,0.015,0.01,0.006,0.015,0.011,0.011,0.01,0.012,0.012,0.005,0.014,0.01,0.01,0.006,0.006,0.007,0.008,0.005,0.006,0.003,0.005,0.003,0.005,0.008,0.005,0.007,0.002,0.007,0.004,0.007,0.002,0.005,0.001,0.005,0.006,0.002,0.005,0.0,0.003,0.003,0.003,0.001,0.003,0.001,0.001,0.001,0.001,0.0,0.001,0.002,0.002,0.001,0.0,0.001,0.0,0.0,0.001,0.001,0.0,0.0,0.0
20,0.009,0.012,0.018,0.01,0.02,0.013,0.013,0.015,0.021,0.021,0.022,0.022,0.023,0.026,0.019,0.021,0.021,0.017,0.017,0.019,0.016,0.014,0.021,0.022,0.019,0.023,0.013,0.016,0.02,0.01,0.019,0.019,0.024,0.015,0.018,0.016,0.011,0.019,0.013,0.01,0.01,0.01,0.015,0.009,0.008,0.013,0.007,0.01,0.007,0.009,0.011,0.003,0.013,0.009,0.007,0.01,0.007,0.01,0.007,0.009,0.009,0.004,0.01,0.004,0.005,0.008,0.005,0.005,0.006,0.006,0.004,0.003,0.003,0.003,0.001,0.003,0.001,0.001,0.005,0.005,0.002,0.003,0.005,0.0,0.003,0.001,0.003,0.003,0.0,0.004,0.0,0.001,0.0,0.002,0.001,0.0,0.0,0.0,0.0,0.0
21,0.011,0.015,0.015,0.012,0.017,0.018,0.029,0.02,0.021,0.024,0.016,0.012,0.016,0.011,0.02,0.021,0.017,0.023,0.019,0.016,0.025,0.019,0.013,0.024,0.018,0.022,0.018,0.009,0.01,0.016,0.026,0.017,0.017,0.014,0.02,0.013,0.013,0.02,0.012,0.013,0.011,0.008,0.007,0.012,0.01,0.011,0.014,0.015,0.014,0.007,0.009,0.01,0.007,0.007,0.009,0.012,0.007,0.009,0.004,0.015,0.006,0.008,0.011,0.004,0.005,0.003,0.008,0.005,0.002,0.008,0.003,0.004,0.004,0.002,0.002,0.005,0.003,0.002,0.004,0.005,0.002,0.002,0.002,0.0,0.0,0.001,0.0,0.001,0.0,0.003,0.0,0.0,0.001,0.001,0.0,0.001,0.002,0.0,0.0,0.0
22,0.004,0.013,0.012,0.015,0.014,0.018,0.008,0.028,0.022,0.018,0.021,0.012,0.023,0.026,0.021,0.015,0.022,0.012,0.026,0.017,0.013,0.026,0.017,0.018,0.011,0.017,0.015,0.017,0.013,0.02,0.006,0.016,0.017,0.022,0.011,0.012,0.006,0.02,0.011,0.017,0.007,0.007,0.016,0.011,0.017,0.018,0.009,0.011,0.015,0.009,0.009,0.004,0.008,0.01,0.012,0.014,0.004,0.008,0.008,0.007,0.005,0.007,0.008,0.01,0.005,0.007,0.004,0.011,0.002,0.005,0.007,0.005,0.002,0.005,0.004,0.006,0.003,0.003,0.003,0.006,0.005,0.004,0.005,0.005,0.0,0.002,0.003,0.003,0.001,0.001,0.002,0.002,0.001,0.001,0.0,0.0,0.001,0.0,0.0,0.0
23,0.005,0.009,0.014,0.016,0.021,0.013,0.019,0.015,0.024,0.022,0.016,0.013,0.02,0.014,0.021,0.02,0.018,0.013,0.011,0.018,0.014,0.022,0.02,0.032,0.017,0.019,0.016,0.021,0.017,0.016,0.017,0.02,0.014,0.018,0.019,0.01,0.015,0.014,0.016,0.008,0.013,0.01,0.015,0.017,0.011,0.01,0.008,0.019,0.011,0.009,0.008,0.014,0.008,0.016,0.007,0.006,0.008,0.012,0.008,0.004,0.008,0.006,0.003,0.012,0.002,0.002,0.008,0.008,0.006,0.004,0.007,0.003,0.004,0.003,0.004,0.006,0.001,0.004,0.004,0.003,0.002,0.002,0.006,0.004,0.002,0.002,0.0,0.0,0.001,0.001,0.0,0.001,0.0,0.0,0.0,0.0,0.0,0.0,0.0,0.0
24,0.005,0.007,0.022,0.012,0.016,0.015,0.02,0.014,0.012,0.021,0.017,0.019,0.015,0.014,0.024,0.022,0.014,0.017,0.016,0.01,0.025,0.024,0.013,0.014,0.016,0.012,0.011,0.018,0.015,0.014,0.017,0.01,0.015,0.018,0.018,0.021,0.018,0.017,0.015,0.018,0.019,0.015,0.012,0.009,0.013,0.013,0.01,0.009,0.013,0.004,0.009,0.011,0.008,0.012,0.009,0.007,0.012,0.006,0.008,0.004,0.008,0.007,0.012,0.009,0.005,0.011,0.007,0.005,0.005,0.007,0.01,0.005,0.007,0.007,0.011,0.002,0.006,0.003,0.003,0.003,0.004,0.004,0.001,0.001,0.003,0.0,0.003,0.0,0.0,0.001,0.001,0.002,0.001,0.0,0.002,0.0,0.0,0.0,0.0,0.0
25,0.005,0.008,0.012,0.011,0.012,0.012,0.013,0.014,0.014,0.019,0.013,0.02,0.016,0.02,0.016,0.023,0.023,0.017,0.02,0.019,0.019,0.011,0.018,0.014,0.012,0.017,0.022,0.017,0.016,0.028,0.015,0.016,0.024,0.012,0.015,0.013,0.017,0.008,0.013,0.018,0.02,0.014,0.008,0.009,0.009,0.011,0.019,0.011,0.012,0.01,0.01,0.008,0.006,0.013,0.011,0.009,0.009,0.011,0.009,0.011,0.007,0.01,0.007,0.006,0.01,0.01,0.01,0.005,0.005,0.006,0.006,0.002,0.004,0.006,0.004,0.006,0.003,0.006,0.007,0.004,0.004,0.003,0.0,0.001,0.001,0.002,0.004,0.001,0.002,0.002,0.002,0.0,0.001,0.0,0.0,0.001,0.0,0.0,0.0,0.0
26,0.003,0.006,0.008,0.015,0.022,0.019,0.02,0.02,0.015,0.009,0.015,0.026,0.014,0.021,0.023,0.011,0.018,0.017,0.016,0.017,0.025,0.014,0.016,0.014,0.01,0.018,0.011,0.015,0.015,0.016,0.017,0.019,0.009,0.015,0.021,0.019,0.009,0.01,0.015,0.02,0.012,0.011,0.011,0.017,0.011,0.012,0.01,0.01,0.013,0.014,0.01,0.012,0.004,0.012,0.004,0.006,0.01,0.007,0.007,0.01,0.011,0.007,0.009,0.008,0.011,0.011,0.007,0.011,0.007,0.006,0.003,0.005,0.004,0.007,0.007,0.001,0.003,0.005,0.002,0.003,0.005,0.003,0.0,0.009,0.003,0.003,0.005,0.0,0.005,0.003,0.001,0.0,0.004,0.002,0.001,0.0,0.001,0.001,0.0,0.0
27,0.005,0.002,0.014,0.011,0.012,0.012,0.014,0.012,0.026,0.021,0.021,0.019,0.016,0.019,0.021,0.019,0.016,0.022,0.017,0.011,0.018,0.021,0.018,0.023,0.022,0.016,0.016,0.011,0.012,0.015,0.009,0.008,0.019,0.015,0.012,0.011,0.02,0.018,0.016,0.01,0.01,0.014,0.021,0.012,0.019,0.009,0.012,0.013,0.019,0.018,0.014,0.013,0.007,0.013,0.012,0.01,0.009,0.003,0.005,0.007,0.007,0.011,0.008,0.006,0.005,0.006,0.01,0.007,0.006,0.007,0.008,0.0,0.006,0.008,0.004,0.005,0.002,0.002,0.002,0.002,0.005,0.002,0.002,0.003,0.004,0.005,0.001,0.0,0.001,0.0,0.002,0.001,0.0,0.0,0.001,0.001,0.0,0.0,0.0,0.0
28,0.004,0.006,0.007,0.016,0.01,0.014,0.012,0.014,0.013,0.01,0.012,0.012,0.02,0.019,0.017,0.014,0.015,0.012,0.01,0.024,0.024,0.018,0.02,0.018,0.02,0.012,0.011,0.026,0.02,0.024,0.01,0.014,0.017,0.01,0.007,0.015,0.01,0.016,0.015,0.014,0.013,0.017,0.012,0.011,0.017,0.012,0.011,0.007,0.015,0.015,0.008,0.011,0.012,0.009,0.013,0.01,0.013,0.014,0.012,0.005,0.009,0.009,0.009,0.006,0.011,0.009,0.009,0.008,0.009,0.006,0.009,0.004,0.005,0.007,0.007,0.004,0.006,0.005,0.005,0.002,0.005,0.002,0.004,0.003,0.003,0.002,0.007,0.002,0.005,0.003,0.004,0.0,0.0,0.001,0.0,0.001,0.0,0.0,0.0,0.0
29,0.008,0.004,0.014,0.007,0.012,0.007,0.018,0.011,0.01,0.014,0.017,0.011,0.02,0.013,0.019,0.016,0.017,0.02,0.016,0.024,0.021,0.017,0.015,0.012,0.012,0.017,0.018,0.014,0.02,0.011,0.018,0.016,0.015,0.013,0.011,0.01,0.014,0.014,0.014,0.015,0.019,0.015,0.02,0.013,0.019,0.013,0.016,0.011,0.009,0.016,0.01,0.017,0.011,0.005,0.009,0.007,0.014,0.008,0.013,0.009,0.01,0.009,0.009,0.007,0.009,0.013,0.008,0.008,0.004,0.008,0.005,0.006,0.006,0.005,0.004,0.005,0.008,0.007,0.001,0.004,0.001,0.001,0.003,0.002,0.004,0.002,0.002,0.002,0.001,0.003,0.004,0.003,0.002,0.0,0.0,0.003,0.002,0.0,0.0,0.0
30,0.003,0.004,0.004,0.01,0.016,0.006,0.015,0.018,0.01,0.006,0.013,0.019,0.011,0.015,0.011,0.014,0.014,0.011,0.02,0.016,0.018,0.018,0.014,0.018,0.018,0.019,0.009,0.017,0.017,0.013,0.012,0.018,0.014,0.019,0.022,0.012,0.017,0.018,0.01,0.016,0.02,0.018,0.018,0.012,0.012,0.01,0.014,0.012,0.008,0.018,0.007,0.003,0.009,0.011,0.019,0.014,0.013,0.009,0.014,0.01,0.006,0.009,0.01,0.004,0.007,0.01,0.012,0.008,0.005,0.009,0.003,0.009,0.007,0.008,0.002,0.011,0.013,0.005,0.003,0.004,0.003,0.005,0.008,0.003,0.003,0.004,0.006,0.003,0.002,0.003,0.0,0.002,0.004,0.0,0.001,0.001,0.001,0.0,0.0,0.0
31,0.004,0.007,0.005,0.011,0.016,0.01,0.007,0.011,0.016,0.012,0.011,0.016,0.008,0.016,0.015,0.015,0.015,0.013,0.019,0.014,0.018,0.012,0.011,0.017,0.015,0.012,0.017,0.02,0.019,0.014,0.021,0.016,0.015,0.014,0.01,0.013,0.014,0.016,0.013,0.016,0.014,0.02,0.011,0.011,0.013,0.012,0.015,0.015,0.011,0.012,0.015,0.013,0.018,0.013,0.006,0.016,0.016,0.01,0.007,0.005,0.013,0.01,0.009,0.011,0.01,0.01,0.007,0.003,0.013,0.009,0.014,0.007,0.005,0.005,0.003,0.005,0.007,0.006,0.006,0.004,0.005,0.004,0.001,0.006,0.005,0.003,0.01,0.001,0.003,0.002,0.001,0.0,0.001,0.002,0.001,0.0,0.001,0.0,0.0,0.0
32,0.002,0.006,0.006,0.007,0.008,0.009,0.008,0.01,0.02,0.013,0.017,0.01,0.011,0.015,0.014,0.012,0.022,0.02,0.015,0.014,0.021,0.015,0.015,0.016,0.017,0.02,0.016,0.01,0.016,0.02,0.01,0.02,0.013,0.015,0.017,0.016,0.012,0.017,0.018,0.02,0.014,0.009,0.014,0.013,0.007,0.009,0.015,0.015,0.017,0.01,0.013,0.011,0.012,0.013,0.008,0.014,0.013,0.011,0.011,0.008,0.006,0.01,0.009,0.013,0.012,0.007,0.007,0.007,0.009,0.01,0.011,0.008,0.008,0.004,0.008,0.001,0.008,0.006,0.006,0.007,0.005,0.0,0.01,0.004,0.002,0.005,0.003,0.002,0.001,0.001,0.002,0.002,0.001,0.001,0.002,0.001,0.0,0.0,0.001,0.0
33,0.002,0.007,0.01,0.005,0.012,0.007,0.009,0.016,0.01,0.021,0.013,0.005,0.01,0.015,0.015,0.011,0.008,0.016,0.024,0.01,0.011,0.019,0.02,0.015,0.021,0.018,0.012,0.013,0.015,0.017,0.011,0.011,0.014,0.016,0.01,0.018,0.008,0.017,0.013,0.015,0.016,0.011,0.02,0.012,0.008,0.015,0.012,0.01,0.014,0.016,0.014,0.015,0.014,0.011,0.021,0.012,0.01,0.014,0.013,0.005,0.007,0.008,0.01,0.006,0.003,0.017,0.013,0.003,0.004,0.009,0.007,0.009,0.005,0.009,0.006,0.01,0.003,0.007,0.005,0.009,0.008,0.005,0.003,0.01,0.004,0.005,0.005,0.005,0.001,0.005,0.004,0.005,0.002,0.001,0.0,0.001,0.002,0.0,0.001,0.0
34,0.006,0.006,0.008,0.006,0.008,0.012,0.008,0.011,0.009,0.014,0.02,0.014,0.011,0.012,0.012,0.014,0.018,0.015,0.013,0.02,0.01,0.01,0.015,0.01,0.016,0.019,0.019,0.012,0.014,0.017,0.009,0.017,0.016,0.019,0.019,0.018,0.008,0.012,0.008,0.016,0.017,0.024,0.018,0.006,0.014,0.015,0.014,0.011,0.006,0.008,0.017,0.012,0.013,0.009,0.007,0.01,0.015,0.013,0.01,0.011,0.013,0.014,0.015,0.012,0.009,0.013,0.007,0.004,0.007,0.01,0.008,0.007,0.009,0.016,0.007,0.006,0.003,0.007,0.005,0.005,0.005,0.004,0.006,0.002,0.0,0.005,0.005,0.004,0.002,0.004,0.004,0.001,0.003,0.001,0.001,0.001,0.002,0.001,0.0,0.001
35,0.004,0.003,0.003,0.008,0.012,0.013,0.009,0.006,0.011,0.013,0.009,0.006,0.015,0.009,0.01,0.018,0.011,0.011,0.019,0.02,0.015,0.008,0.012,0.012,0.015,0.015,0.022,0.009,0.012,0.013,0.014,0.015,0.017,0.008,0.015,0.017,0.021,0.017,0.023,0.007,0.012,0.012,0.01,0.01,0.013,0.013,0.02,0.016,0.016,0.012,0.011,0.018,0.019,0.013,0.013,0.011,0.009,0.01,0.009,0.011,0.01,0.013,0.005,0.009,0.014,0.006,0.008,0.011,0.006,0.004,0.009,0.009,0.009,0.008,0.012,0.009,0.005,0.006,0.008,0.003,0.007,0.008,0.005,0.005,0.008,0.006,0.009,0.005,0.008,0.003,0.002,0.002,0.006,0.003,0.001,0.0,0.001,0.001,0.001,0.0
36,0.001,0.002,0.003,0.005,0.014,0.01,0.011,0.013,0.007,0.016,0.015,0.012,0.014,0.021,0.014,0.011,0.011,0.013,0.015,0.015,0.013,0.016,0.01,0.02,0.015,0.018,0.016,0.013,0.016,0.012,0.017,0.018,0.011,0.024,0.014,0.01,0.013,0.011,0.015,0.01,0.011,0.012,0.015,0.01,0.012,0.011,0.011,0.015,0.016,0.009,0.014,0.009,0.014,0.013,0.011,0.02,0.013,0.012,0.008,0.009,0.017,0.011,0.016,0.012,0.015,0.009,0.01,0.009,0.008,0.012,0.012,0.009,0.005,0.005,0.004,0.007,0.006,0.008,0.008,0.006,0.004,0.003,0.003,0.006,0.004,0.002,0.003,0.006,0.001,0.004,0.002,0.003,0.004,0.002,0.002,0.001,0.0,0.0,0.001,0.0
37,0.001,0.002,0.01,0.003,0.002,0.009,0.01,0.01,0.011,0.004,0.015,0.015,0.012,0.013,0.014,0.02,0.012,0.013,0.014,0.011,0.016,0.008,0.017,0.01,0.016,0.019,0.014,0.016,0.016,0.01,0.012,0.015,0.014,0.017,0.011,0.013,0.01,0.017,0.02,0.009,0.015,0.015,0.011,0.014,0.018,0.011,0.014,0.008,0.02,0.018,0.012,0.015,0.011,0.017,0.012,0.01,0.014,0.016,0.007,0.012,0.012,0.007,0.011,0.013,0.009,0.009,0.01,0.009,0.011,0.01,0.008,0.011,0.01,0.01,0.008,0.012,0.008,0.004,0.008,0.006,0.004,0.006,0.002,0.009,0.005,0.009,0.006,0.005,0.003,0.004,0.001,0.002,0.001,0.0,0.002,0.0,0.001,0.002,0.001,0.0
38,0.003,0.002,0.004,0.008,0.005,0.008,0.006,0.012,0.005,0.014,0.005,0.012,0.009,0.01,0.007,0.011,0.008,0.014,0.013,0.012,0.013,0.02,0.015,0.011,0.014,0.017,0.013,0.009,0.009,0.016,0.018,0.012,0.02,0.015,0.013,0.016,0.019,0.017,0.016,0.022,0.012,0.008,0.015,0.017,0.013,0.013,0.013,0.016,0.011,0.014,0.009,0.02,0.009,0.017,0.01,0.018,0.012,0.018,0.01,0.016,0.012,0.012,0.013,0.009,0.008,0.006,0.009,0.005,0.011,0.007,0.009,0.005,0.013,0.012,0.011,0.006,0.009,0.007,0.011,0.007,0.007,0.01,0.004,0.009,0.008,0.008,0.002,0.004,0.001,0.002,0.005,0.001,0.004,0.002,0.0,0.005,0.001,0.0,0.001,0.0
39,0.0,0.002,0.005,0.005,0.005,0.008,0.007,0.011,0.008,0.016,0.013,0.01,0.012,0.009,0.02,0.012,0.01,0.013,0.009,0.008,0.015,0.008,0.014,0.011,0.015,0.01,0.015,0.015,0.014,0.018,0.015,0.018,0.019,0.015,0.009,0.013,0.018,0.018,0.009,0.015,0.012,0.009,0.017,0.01,0.011,0.012,0.017,0.017,0.013,0.013,0.014,0.017,0.017,0.012,0.017,0.014,0.013,0.005,0.014,0.012,0.01,0.01,0.01,0.012,0.01,0.012,0.013,0.01,0.01,0.013,0.014,0.012,0.007,0.011,0.012,0.002,0.009,0.006,0.008,0.01,0.007,0.005,0.005,0.009,0.003,0.005,0.008,0.005,0.003,0.008,0.002,0.001,0.0,0.001,0.002,0.001,0.001,0.0,0.0,0.0
40,0.0,0.001,0.004,0.003,0.007,0.007,0.009,0.008,0.008,0.009,0.013,0.015,0.014,0.013,0.012,0.013,0.022,0.01,0.017,0.01,0.011,0.013,0.014,0.015,0.018,0.013,0.017,0.011,0.016,0.017,0.013,0.013,0.012,0.014,0.015,0.016,0.019,0.016,0.012,0.009,0.012,0.01,0.007,0.009,0.017,0.011,0.018,0.019,0.016,0.012,0.009,0.015,0.004,0.015,0.014,0.016,0.012,0.017,0.007,0.014,0.01,0.017,0.017,0.009,0.012,0.013,0.013,0.011,0.005,0.008,0.007,0.011,0.005,0.003,0.005,0.009,0.013,0.005,0.009,0.009,0.008,0.008,0.006,0.004,0.004,0.005,0.004,0.006,0.007,0.003,0.004,0.005,0.001,0.001,0.004,0.002,0.001,0.002,0.001,0.0
41,0.001,0.0,0.003,0.004,0.007,0.008,0.007,0.014,0.002,0.005,0.011,0.014,0.006,0.01,0.016,0.009,0.006,0.01,0.009,0.015,0.012,0.013,0.007,0.014,0.012,0.013,0.016,0.015,0.011,0.013,0.016,0.015,0.01,0.008,0.016,0.018,0.013,0.008,0.016,0.015,0.013,0.02,0.01,0.014,0.017,0.009,0.013,0.015,0.026,0.015,0.019,0.012,0.016,0.016,0.013,0.015,0.014,0.013,0.015,0.013,0.017,0.015,0.01,0.011,0.011,0.014,0.012,0.01,0.004,0.007,0.008,0.005,0.013,0.015,0.011,0.01,0.007,0.005,0.009,0.007,0.011,0.008,0.009,0.005,0.003,0.004,0.001,0.007,0.009,0.002,0.003,0.005,0.005,0.002,0.002,0.004,0.001,0.001,0.001,0.0
42,0.001,0.008,0.006,0.004,0.005,0.009,0.005,0.008,0.01,0.005,0.009,0.01,0.013,0.011,0.006,0.008,0.009,0.007,0.015,0.012,0.007,0.009,0.014,0.011,0.014,0.014,0.013,0.02,0.015,0.012,0.021,0.019,0.019,0.016,0.011,0.02,0.019,0.011,0.012,0.015,0.012,0.014,0.017,0.014,0.022,0.012,0.018,0.018,0.014,0.011,0.021,0.014,0.009,0.008,0.012,0.013,0.007,0.013,0.014,0.007,0.011,0.013,0.013,0.01,0.014,0.01,0.011,0.008,0.009,0.013,0.009,0.011,0.016,0.009,0.007,0.006,0.008,0.011,0.006,0.008,0.006,0.007,0.005,0.005,0.005,0.007,0.009,0.004,0.002,0.006,0.002,0.002,0.007,0.001,0.002,0.002,0.0,0.002,0.0,0.0
43,0.0,0.002,0.003,0.001,0.004,0.003,0.006,0.003,0.008,0.011,0.013,0.006,0.008,0.009,0.007,0.014,0.011,0.013,0.011,0.015,0.012,0.014,0.023,0.01,0.008,0.019,0.013,0.015,0.011,0.009,0.011,0.012,0.011,0.019,0.013,0.016,0.022,0.017,0.009,0.016,0.011,0.015,0.009,0.012,0.012,0.015,0.016,0.009,0.01,0.012,0.016,0.021,0.015,0.017,0.01,0.012,0.01,0.022,0.016,0.002,0.011,0.006,0.02,0.008,0.013,0.011,0.009,0.011,0.012,0.011,0.008,0.01,0.011,0.007,0.008,0.016,0.017,0.008,0.014,0.005,0.004,0.009,0.004,0.01,0.004,0.005,0.005,0.007,0.01,0.007,0.005,0.008,0.0,0.003,0.002,0.005,0.003,0.002,0.0,0.001
44,0.001,0.002,0.005,0.003,0.005,0.008,0.003,0.013,0.009,0.009,0.011,0.008,0.017,0.004,0.01,0.007,0.01,0.014,0.019,0.013,0.012,0.007,0.009,0.011,0.014,0.012,0.014,0.013,0.01,0.011,0.012,0.016,0.01,0.013,0.023,0.012,0.017,0.019,0.02,0.01,0.017,0.014,0.016,0.027,0.011,0.015,0.011,0.005,0.013,0.009,0.017,0.011,0.015,0.011,0.024,0.015,0.007,0.011,0.013,0.006,0.017,0.019,0.013,0.016,0.014,0.011,0.01,0.017,0.007,0.01,0.007,0.011,0.008,0.014,0.011,0.009,0.006,0.005,0.012,0.007,0.008,0.008,0.003,0.003,0.005,0.005,0.006,0.005,0.005,0.004,0.003,0.006,0.003,0.002,0.001,0.003,0.001,0.001,0.0,0.0
45,0.001,0.002,0.002,0.008,0.003,0.004,0.005,0.008,0.006,0.012,0.008,0.007,0.01,0.01,0.009,0.011,0.007,0.006,0.009,0.006,0.011,0.015,0.014,0.016,0.022,0.009,0.019,0.01,0.009,0.013,0.011,0.012,0.011,0.016,0.014,0.017,0.021,0.016,0.018,0.014,0.015,0.017,0.013,0.014,0.016,0.014,0.014,0.008,0.013,0.017,0.016,0.021,0.009,0.016,0.016,0.006,0.007,0.015,0.01,0.013,0.013,0.015,0.011,0.016,0.014,0.01,0.011,0.012,0.01,0.013,0.016,0.011,0.01,0.008,0.01,0.008,0.011,0.016,0.009,0.01,0.006,0.006,0.004,0.006,0.009,0.002,0.004,0.004,0.003,0.003,0.006,0.004,0.006,0.001,0.002,0.001,0.004,0.0,0.003,0.0
46,0.0,0.001,0.003,0.004,0.002,0.006,0.002,0.004,0.004,0.007,0.007,0.008,0.01,0.012,0.01,0.005,0.015,0.006,0.014,0.009,0.015,0.015,0.014,0.014,0.009,0.009,0.018,0.011,0.012,0.012,0.015,0.019,0.011,0.016,0.019,0.012,0.011,0.012,0.013,0.014,0.009,0.011,0.018,0.008,0.014,0.015,0.016,0.012,0.016,0.022,0.014,0.013,0.017,0.011,0.013,0.016,0.014,0.009,0.015,0.014,0.013,0.015,0.009,0.014,0.015,0.009,0.009,0.018,0.017,0.012,0.014,0.008,0.011,0.016,0.006,0.006,0.009,0.005,0.011,0.011,0.007,0.003,0.004,0.009,0.002,0.012,0.007,0.001,0.008,0.007,0.006,0.006,0.003,0.006,0.01,0.002,0.0,0.002,0.0,0.0
47,0.0,0.001,0.002,0.003,0.004,0.003,0.003,0.0,0.011,0.006,0.008,0.006,0.011,0.009,0.016,0.013,0.01,0.012,0.008,0.014,0.011,0.01,0.014,0.012,0.011,0.011,0.007,0.018,0.004,0.011,0.011,0.01,0.022,0.007,0.012,0.014,0.01,0.019,0.012,0.013,0.012,0.012,0.017,0.017,0.015,0.015,0.01,0.017,0.011,0.015,0.014,0.021,0.013,0.024,0.006,0.021,0.011,0.009,0.012,0.009,0.011,0.015,0.007,0.01,0.012,0.01,0.017,0.012,0.009,0.018,0.014,0.015,0.007,0.007,0.016,0.008,0.016,0.014,0.006,0.01,0.008,0.009,0.008,0.007,0.006,0.008,0.009,0.003,0.009,0.004,0.004,0.003,0.002,0.01,0.007,0.003,0.002,0.004,0.0,0.0
48,0.001,0.002,0.001,0.002,0.002,0.001,0.011,0.007,0.008,0.01,0.007,0.01,0.009,0.008,0.006,0.008,0.009,0.012,0.015,0.017,0.013,0.017,0.013,0.008,0.007,0.012,0.011,0.014,0.012,0.013,0.015,0.017,0.009,0.019,0.012,0.011,0.016,0.016,0.02,0.014,0.018,0.012,0.012,0.01,0.012,0.01,0.013,0.018,0.012,0.01,0.013,0.012,0.011,0.016,0.016,0.016,0.011,0.016,0.012,0.009,0.011,0.01,0.012,0.011,0.013,0.009,0.017,0.017,0.011,0.013,0.011,0.01,0.006,0.011,0.01,0.006,0.012,0.009,0.009,0.003,0.011,0.015,0.013,0.014,0.006,0.004,0.006,0.008,0.005,0.005,0.004,0.003,0.005,0.006,0.001,0.006,0.001,0.001,0.001,0.0
49,0.0,0.005,0.001,0.002,0.001,0.008,0.005,0.002,0.006,0.011,0.006,0.006,0.006,0.009,0.01,0.014,0.01,0.013,0.008,0.01,0.01,0.007,0.011,0.016,0.005,0.012,0.009,0.012,0.011,0.014,0.011,0.015,0.016,0.011,0.017,0.014,0.009,0.014,0.011,0.011,0.013,0.013,0.018,0.015,0.014,0.021,0.013,0.014,0.014,0.007,0.009,0.016,0.018,0.016,0.015,0.013,0.024,0.014,0.012,0.008,0.014,0.021,0.011,0.016,0.012,0.01,0.012,0.012,0.007,0.011,0.012,0.01,0.009,0.009,0.013,0.01,0.013,0.009,0.012,0.01,0.017,0.01,0.009,0.005,0.007,0.006,0.007,0.008,0.005,0.008,0.004,0.005,0.004,0.006,0.002,0.002,0.002,0.001,0.002,0.001
50,0.001,0.003,0.0,0.002,0.005,0.003,0.004,0.008,0.002,0.005,0.007,0.006,0.012,0.009,0.005,0.005,0.012,0.007,0.013,0.011,0.01,0.016,0.009,0.01,0.013,0.018,0.014,0.011,0.02,0.011,0.016,0.017,0.016,0.016,0.011,0.011,0.014,0.014,0.013,0.011,0.008,0.012,0.01,0.018,0.015,0.014,0.018,0.008,0.016,0.015,0.015,0.015,0.011,0.015,0.014,0.015,0.01,0.019,0.013,0.012,0.013,0.013,0.009,0.014,0.009,0.009,0.008,0.017,0.013,0.015,0.013,0.008,0.012,0.01,0.016,0.008,0.008,0.009,0.008,0.016,0.011,0.004,0.005,0.012,0.009,0.006,0.009,0.006,0.005,0.008,0.006,0.008,0.006,0.002,0.005,0.003,0.002,0.001,0.0,0.0
51,0.002,0.0,0.0,0.004,0.005,0.003,0.003,0.003,0.009,0.006,0.006,0.005,0.005,0.01,0.01,0.011,0.005,0.003,0.012,0.007,0.013,0.007,0.01,0.012,0.01,0.015,0.008,0.018,0.01,0.007,0.016,0.012,0.015,0.013,0.015,0.009,0.013,0.017,0.01,0.01,0.019,0.012,0.011,0.005,0.012,0.019,0.019,0.012,0.017,0.011,0.013,0.012,0.016,0.01,0.014,0.017,0.009,0.011,0.017,0.012,0.011,0.018,0.017,0.011,0.011,0.017,0.015,0.01,0.014,0.019,0.007,0.012,0.008,0.011,0.015,0.015,0.012,0.011,0.006,0.017,0.012,0.013,0.008,0.008,0.008,0.007,0.011,0.01,0.012,0.01,0.005,0.005,0.002,0.004,0.003,0.002,0.002,0.002,0.002,0.0
52,0.0,0.001,0.002,0.004,0.003,0.002,0.005,0.003,0.005,0.005,0.01,0.006,0.008,0.006,0.006,0.011,0.004,0.011,0.009,0.014,0.007,0.01,0.011,0.011,0.007,0.01,0.006,0.014,0.022,0.014,0.01,0.007,0.008,0.011,0.016,0.01,0.011,0.011,0.017,0.016,0.01,0.016,0.019,0.016,0.017,0.017,0.012,0.016,0.014,0.013,0.008,0.015,0.015,0.012,0.012,0.007,0.016,0.016,0.013,0.016,0.008,0.016,0.02,0.01,0.015,0.019,0.017,0.014,0.012,0.011,0.016,0.011,0.017,0.014,0.011,0.01,0.008,0.016,0.012,0.01,0.009,0.008,0.006,0.006,0.007,0.01,0.012,0.008,0.006,0.007,0.007,0.007,0.005,0.002,0.001,0.005,0.001,0.001,0.001,0.0
53,0.001,0.0,0.003,0.002,0.004,0.002,0.006,0.005,0.001,0.006,0.008,0.004,0.006,0.011,0.01,0.009,0.008,0.011,0.008,0.008,0.009,0.006,0.008,0.007,0.009,0.014,0.013,0.01,0.01,0.014,0.013,0.008,0.018,0.016,0.014,0.011,0.009,0.015,0.014,0.008,0.009,0.013,0.016,0.016,0.017,0.012,0.008,0.013,0.018,0.016,0.012,0.016,0.018,0.01,0.017,0.011,0.022,0.014,0.015,0.022,0.018,0.015,0.017,0.009,0.013,0.018,0.019,0.01,0.011,0.016,0.006,0.005,0.016,0.009,0.014,0.021,0.005,0.008,0.018,0.013,0.009,0.009,0.007,0.009,0.005,0.007,0.009,0.007,0.004,0.008,0.008,0.002,0.005,0.001,0.003,0.002,0.005,0.001,0.004,0.0
54,0.0,0.002,0.0,0.003,0.007,0.005,0.003,0.005,0.009,0.004,0.007,0.008,0.005,0.009,0.008,0.006,0.008,0.013,0.009,0.008,0.011,0.007,0.012,0.009,0.01,0.01,0.012,0.01,0.006,0.011,0.009,0.011,0.013,0.014,0.011,0.017,0.015,0.008,0.012,0.017,0.01,0.013,0.013,0.013,0.017,0.015,0.017,0.014,0.016,0.012,0.025,0.012,0.013,0.017,0.012,0.014,0.01,0.011,0.012,0.011,0.021,0.016,0.01,0.012,0.016,0.01,0.01,0.015,0.011,0.01,0.008,0.02,0.011,0.009,0.009,0.01,0.008,0.015,0.013,0.012,0.008,0.012,0.006,0.008,0.009,0.01,0.008,0.006,0.008,0.01,0.01,0.007,0.01,0.007,0.005,0.001,0.003,0.002,0.002,0.001
55,0.0,0.002,0.003,0.001,0.003,0.003,0.002,0.002,0.004,0.009,0.005,0.003,0.009,0.008,0.008,0.008,0.003,0.007,0.006,0.006,0.008,0.006,0.007,0.009,0.008,0.011,0.015,0.008,0.01,0.013,0.009,0.01,0.013,0.012,0.007,0.01,0.011,0.012,0.01,0.013,0.013,0.015,0.012,0.018,0.016,0.014,0.016,0.01,0.011,0.01,0.013,0.012,0.012,0.018,0.013,0.01,0.016,0.011,0.021,0.016,0.018,0.017,0.019,0.015,0.015,0.008,0.008,0.014,0.009,0.012,0.01,0.015,0.014,0.017,0.021,0.017,0.011,0.015,0.008,0.015,0.007,0.011,0.01,0.014,0.007,0.017,0.005,0.006,0.009,0.006,0.011,0.009,0.007,0.009,0.007,0.003,0.005,0.003,0.004,0.001
56,0.001,0.001,0.001,0.002,0.004,0.003,0.001,0.006,0.005,0.006,0.005,0.006,0.009,0.004,0.008,0.01,0.007,0.008,0.005,0.006,0.011,0.011,0.004,0.006,0.011,0.019,0.011,0.008,0.012,0.013,0.008,0.012,0.011,0.007,0.011,0.014,0.017,0.014,0.015,0.012,0.014,0.021,0.011,0.015,0.008,0.011,0.022,0.018,0.015,0.014,0.014,0.011,0.017,0.021,0.013,0.008,0.014,0.012,0.015,0.012,0.018,0.021,0.01,0.01,0.019,0.012,0.01,0.011,0.013,0.013,0.012,0.008,0.009,0.013,0.009,0.009,0.013,0.005,0.023,0.003,0.01,0.01,0.019,0.008,0.009,0.008,0.006,0.006,0.012,0.004,0.011,0.006,0.012,0.007,0.005,0.007,0.002,0.003,0.002,0.001
57,0.0,0.0,0.002,0.0,0.003,0.004,0.002,0.002,0.004,0.003,0.006,0.006,0.006,0.006,0.006,0.004,0.007,0.002,0.004,0.006,0.007,0.005,0.009,0.013,0.009,0.017,0.013,0.011,0.012,0.009,0.004,0.01,0.012,0.01,0.011,0.012,0.008,0.015,0.016,0.012,0.012,0.013,0.015,0.018,0.018,0.014,0.008,0.018,0.011,0.012,0.013,0.018,0.02,0.01,0.014,0.011,0.01,0.015,0.009,0.017,0.011,0.011,0.013,0.016,0.015,0.011,0.02,0.021,0.02,0.011,0.016,0.018,0.006,0.01,0.012,0.016,0.007,0.012,0.005,0.016,0.012,0.018,0.009,0.015,0.012,0.009,0.014,0.013,0.008,0.005,0.009,0.007,0.005,0.01,0.002,0.006,0.003,0.007,0.003,0.002
58,0.0,0.0,0.001,0.001,0.001,0.003,0.002,0.006,0.003,0.001,0.006,0.002,0.011,0.005,0.004,0.002,0.007,0.006,0.005,0.009,0.001,0.011,0.011,0.007,0.007,0.01,0.008,0.009,0.013,0.007,0.013,0.009,0.011,0.01,0.012,0.012,0.017,0.01,0.019,0.009,0.012,0.012,0.016,0.013,0.014,0.012,0.008,0.02,0.013,0.012,0.009,0.014,0.015,0.022,0.011,0.018,0.014,0.01,0.013,0.013,0.016,0.016,0.022,0.01,0.017,0.008,0.017,0.014,0.014,0.013,0.014,0.006,0.013,0.015,0.021,0.014,0.013,0.004,0.016,0.005,0.013,0.012,0.013,0.011,0.01,0.008,0.014,0.009,0.017,0.014,0.007,0.009,0.01,0.008,0.006,0.006,0.004,0.002,0.005,0.002
59,0.001,0.0,0.0,0.0,0.002,0.001,0.001,0.006,0.005,0.003,0.003,0.006,0.0,0.005,0.003,0.006,0.008,0.016,0.006,0.015,0.014,0.004,0.009,0.009,0.01,0.007,0.002,0.011,0.017,0.01,0.007,0.013,0.012,0.014,0.012,0.014,0.013,0.009,0.013,0.008,0.02,0.008,0.011,0.012,0.015,0.012,0.011,0.008,0.01,0.016,0.012,0.012,0.019,0.017,0.024,0.011,0.019,0.013,0.012,0.011,0.019,0.021,0.014,0.016,0.01,0.014,0.009,0.015,0.008,0.015,0.017,0.024,0.012,0.01,0.005,0.011,0.02,0.006,0.015,0.013,0.011,0.008,0.017,0.014,0.016,0.009,0.008,0.013,0.004,0.006,0.006,0.006,0.008,0.008,0.007,0.004,0.007,0.003,0.003,0.0
60,0.0,0.0,0.001,0.003,0.003,0.002,0.002,0.002,0.005,0.003,0.005,0.004,0.002,0.006,0.005,0.006,0.005,0.009,0.005,0.011,0.008,0.013,0.007,0.01,0.007,0.006,0.015,0.009,0.016,0.009,0.016,0.014,0.012,0.011,0.016,0.009,0.018,0.013,0.009,0.011,0.006,0.014,0.009,0.009,0.008,0.013,0.014,0.019,0.017,0.019,0.012,0.01,0.008,0.015,0.012,0.007,0.008,0.013,0.008,0.02,0.015,0.016,0.011,0.016,0.017,0.018,0.015,0.015,0.018,0.014,0.012,0.013,0.016,0.019,0.019,0.007,0.008,0.018,0.012,0.015,0.012,0.007,0.012,0.016,0.011,0.016,0.009,0.01,0.01,0.009,0.005,0.007,0.007,0.003,0.01,0.005,0.003,0.003,0.001,0.001
61,0.0,0.002,0.001,0.001,0.001,0.002,0.001,0.002,0.005,0.004,0.001,0.004,0.003,0.005,0.003,0.005,0.005,0.005,0.006,0.006,0.008,0.007,0.006,0.014,0.009,0.013,0.01,0.011,0.009,0.008,0.012,0.013,0.009,0.006,0.01,0.011,0.012,0.005,0.012,0.008,0.014,0.013,0.019,0.019,0.011,0.017,0.012,0.012,0.011,0.015,0.014,0.011,0.021,0.017,0.01,0.016,0.015,0.018,0.018,0.01,0.014,0.016,0.016,0.011,0.018,0.012,0.015,0.013,0.006,0.011,0.017,0.014,0.018,0.011,0.01,0.011,0.008,0.011,0.018,0.011,0.013,0.017,0.013,0.015,0.009,0.016,0.013,0.008,0.008,0.014,0.017,0.008,0.012,0.011,0.005,0.002,0.004,0.005,0.001,0.0
62,0.0,0.001,0.001,0.002,0.004,0.004,0.003,0.005,0.006,0.002,0.005,0.005,0.005,0.002,0.003,0.004,0.004,0.006,0.004,0.009,0.008,0.006,0.008,0.005,0.005,0.008,0.005,0.009,0.012,0.011,0.008,0.008,0.009,0.008,0.009,0.011,0.014,0.014,0.008,0.018,0.014,0.01,0.005,0.012,0.009,0.016,0.013,0.014,0.01,0.017,0.012,0.019,0.011,0.013,0.01,0.023,0.014,0.014,0.013,0.016,0.011,0.017,0.015,0.016,0.009,0.009,0.014,0.013,0.013,0.016,0.019,0.019,0.02,0.009,0.02,0.012,0.015,0.018,0.011,0.009,0.022,0.018,0.009,0.01,0.013,0.017,0.009,0.017,0.01,0.006,0.007,0.007,0.012,0.009,0.003,0.006,0.005,0.005,0.006,0.0
63,0.0,0.0,0.001,0.0,0.001,0.002,0.001,0.004,0.005,0.003,0.001,0.006,0.006,0.007,0.003,0.001,0.003,0.005,0.002,0.004,0.01,0.01,0.004,0.009,0.006,0.006,0.004,0.009,0.011,0.005,0.012,0.013,0.014,0.007,0.015,0.006,0.007,0.01,0.016,0.019,0.013,0.008,0.011,0.012,0.011,0.015,0.01,0.009,0.016,0.013,0.013,0.01,0.017,0.009,0.012,0.014,0.025,0.012,0.015,0.016,0.015,0.012,0.013,0.018,0.014,0.011,0.014,0.016,0.011,0.014,0.012,0.017,0.007,0.02,0.022,0.017,0.01,0.014,0.011,0.015,0.012,0.016,0.022,0.013,0.015,0.01,0.009,0.013,0.008,0.013,0.014,0.018,0.012,0.007,0.004,0.008,0.006,0.004,0.002,0.002
64,0.0,0.002,0.0,0.0,0.002,0.004,0.002,0.001,0.004,0.002,0.0,0.002,0.002,0.005,0.004,0.007,0.007,0.01,0.005,0.005,0.011,0.01,0.008,0.006,0.006,0.007,0.008,0.008,0.009,0.01,0.009,0.006,0.006,0.011,0.011,0.011,0.009,0.008,0.017,0.008,0.007,0.005,0.018,0.01,0.018,0.014,0.012,0.018,0.015,0.015,0.012,0.007,0.022,0.016,0.012,0.013,0.011,0.011,0.01,0.005,0.017,0.008,0.015,0.015,0.026,0.018,0.014,0.012,0.011,0.018,0.011,0.014,0.011,0.02,0.016,0.019,0.013,0.011,0.011,0.015,0.021,0.015,0.009,0.01,0.012,0.011,0.009,0.013,0.013,0.013,0.011,0.008,0.01,0.015,0.009,0.008,0.009,0.008,0.006,0.001
65,0.0,0.001,0.001,0.002,0.0,0.003,0.001,0.003,0.001,0.005,0.004,0.001,0.004,0.004,0.004,0.003,0.006,0.004,0.005,0.005,0.003,0.007,0.006,0.006,0.011,0.012,0.007,0.007,0.011,0.012,0.008,0.015,0.011,0.013,0.009,0.012,0.015,0.012,0.01,0.008,0.007,0.012,0.01,0.009,0.01,0.018,0.014,0.003,0.014,0.009,0.012,0.017,0.011,0.013,0.013,0.011,0.014,0.011,0.012,0.019,0.013,0.01,0.018,0.011,0.02,0.009,0.015,0.012,0.016,0.016,0.012,0.02,0.014,0.014,0.017,0.013,0.016,0.013,0.012,0.019,0.017,0.019,0.02,0.013,0.02,0.005,0.016,0.011,0.018,0.011,0.014,0.005,0.009,0.011,0.006,0.012,0.005,0.001,0.005,0.001
66,0.0,0.0,0.0,0.0,0.001,0.001,0.002,0.002,0.0,0.0,0.004,0.004,0.004,0.001,0.003,0.007,0.006,0.005,0.004,0.006,0.004,0.009,0.009,0.01,0.01,0.005,0.011,0.006,0.011,0.009,0.012,0.008,0.01,0.01,0.012,0.008,0.007,0.011,0.013,0.015,0.013,0.009,0.01,0.017,0.014,0.007,0.005,0.016,0.017,0.015,0.009,0.016,0.018,0.016,0.014,0.014,0.011,0.016,0.018,0.014,0.015,0.015,0.016,0.02,0.012,0.015,0.011,0.019,0.016,0.006,0.011,0.018,0.014,0.019,0.019,0.015,0.008,0.017,0.022,0.014,0.015,0.006,0.011,0.01,0.015,0.013,0.013,0.008,0.01,0.014,0.008,0.01,0.011,0.012,0.011,0.004,0.008,0.005,0.005,0.0
67,0.0,0.002,0.0,0.0,0.0,0.0,0.001,0.002,0.002,0.002,0.004,0.003,0.003,0.002,0.005,0.002,0.005,0.003,0.006,0.008,0.007,0.007,0.011,0.009,0.009,0.01,0.006,0.004,0.013,0.006,0.009,0.011,0.008,0.008,0.01,0.008,0.01,0.008,0.011,0.009,0.004,0.008,0.014,0.004,0.01,0.014,0.009,0.019,0.018,0.015,0.009,0.013,0.015,0.015,0.008,0.014,0.014,0.01,0.012,0.021,0.019,0.012,0.016,0.013,0.013,0.007,0.023,0.021,0.012,0.016,0.015,0.019,0.017,0.018,0.017,0.016,0.015,0.021,0.014,0.016,0.016,0.01,0.008,0.018,0.01,0.015,0.014,0.015,0.012,0.009,0.012,0.014,0.007,0.017,0.011,0.007,0.005,0.007,0.001,0.002
68,0.0,0.0,0.0,0.001,0.001,0.003,0.003,0.001,0.002,0.005,0.004,0.003,0.003,0.003,0.001,0.005,0.004,0.008,0.009,0.009,0.01,0.005,0.007,0.006,0.006,0.006,0.008,0.01,0.01,0.01,0.012,0.01,0.008,0.009,0.006,0.011,0.01,0.006,0.012,0.012,0.013,0.012,0.012,0.007,0.008,0.011,0.011,0.011,0.011,0.011,0.009,0.014,0.011,0.008,0.018,0.01,0.019,0.012,0.021,0.02,0.02,0.013,0.012,0.012,0.014,0.017,0.019,0.015,0.015,0.015,0.012,0.011,0.013,0.017,0.018,0.012,0.016,0.016,0.008,0.011,0.015,0.02,0.019,0.014,0.016,0.006,0.013,0.012,0.012,0.018,0.007,0.014,0.01,0.009,0.008,0.006,0.009,0.008,0.008,0.002
69,0.0,0.0,0.0,0.001,0.001,0.001,0.001,0.001,0.002,0.001,0.003,0.002,0.001,0.005,0.003,0.002,0.002,0.008,0.008,0.008,0.003,0.005,0.007,0.007,0.004,0.001,0.007,0.005,0.004,0.006,0.006,0.014,0.014,0.01,0.009,0.008,0.007,0.01,0.012,0.013,0.011,0.012,0.011,0.015,0.015,0.007,0.01,0.009,0.007,0.009,0.014,0.009,0.016,0.01,0.015,0.016,0.01,0.014,0.017,0.015,0.009,0.009,0.015,0.012,0.02,0.014,0.021,0.016,0.02,0.018,0.023,0.013,0.014,0.015,0.017,0.013,0.016,0.018,0.016,0.019,0.011,0.014,0.013,0.014,0.018,0.01,0.012,0.019,0.019,0.013,0.011,0.01,0.013,0.022,0.005,0.003,0.014,0.009,0.006,0.002
70,0.0,0.0,0.001,0.001,0.001,0.001,0.0,0.001,0.001,0.004,0.001,0.001,0.002,0.003,0.003,0.006,0.005,0.005,0.003,0.008,0.006,0.007,0.005,0.005,0.007,0.006,0.003,0.004,0.01,0.01,0.005,0.012,0.006,0.009,0.01,0.003,0.006,0.009,0.008,0.008,0.009,0.007,0.015,0.015,0.009,0.009,0.009,0.017,0.016,0.009,0.005,0.011,0.022,0.01,0.017,0.012,0.013,0.015,0.011,0.021,0.013,0.014,0.013,0.014,0.011,0.015,0.01,0.018,0.025,0.014,0.012,0.017,0.019,0.01,0.021,0.017,0.014,0.017,0.01,0.019,0.014,0.016,0.02,0.021,0.028,0.014,0.009,0.011,0.016,0.014,0.016,0.014,0.02,0.007,0.008,0.012,0.007,0.005,0.005,0.002
71,0.0,0.0,0.0,0.0,0.002,0.0,0.001,0.003,0.002,0.002,0.003,0.002,0.006,0.004,0.001,0.005,0.006,0.006,0.0,0.001,0.006,0.005,0.008,0.006,0.008,0.01,0.004,0.009,0.007,0.006,0.006,0.005,0.01,0.008,0.009,0.007,0.009,0.007,0.009,0.012,0.01,0.011,0.009,0.014,0.015,0.009,0.013,0.011,0.01,0.016,0.019,0.005,0.008,0.013,0.012,0.011,0.013,0.023,0.013,0.019,0.017,0.01,0.009,0.013,0.013,0.017,0.011,0.017,0.018,0.029,0.017,0.022,0.017,0.014,0.019,0.018,0.011,0.017,0.016,0.015,0.011,0.016,0.015,0.02,0.017,0.014,0.015,0.016,0.009,0.016,0.013,0.008,0.009,0.01,0.008,0.01,0.007,0.008,0.008,0.001
72,0.0,0.0,0.0,0.002,0.001,0.0,0.002,0.0,0.002,0.0,0.001,0.001,0.0,0.0,0.004,0.005,0.005,0.003,0.005,0.004,0.004,0.004,0.004,0.003,0.004,0.007,0.003,0.009,0.001,0.005,0.011,0.006,0.005,0.008,0.008,0.007,0.008,0.01,0.009,0.01,0.014,0.012,0.018,0.011,0.015,0.01,0.008,0.009,0.018,0.012,0.01,0.013,0.01,0.01,0.01,0.016,0.014,0.014,0.018,0.012,0.013,0.015,0.015,0.013,0.01,0.019,0.013,0.017,0.018,0.016,0.015,0.008,0.02,0.012,0.017,0.019,0.022,0.013,0.017,0.027,0.017,0.014,0.011,0.014,0.018,0.014,0.017,0.019,0.014,0.014,0.011,0.017,0.016,0.011,0.018,0.013,0.008,0.01,0.007,0.003
73,0.0,0.0,0.001,0.0,0.001,0.0,0.001,0.001,0.001,0.001,0.0,0.003,0.003,0.003,0.0,0.006,0.005,0.0,0.002,0.005,0.003,0.004,0.011,0.004,0.005,0.003,0.007,0.005,0.006,0.01,0.009,0.007,0.004,0.007,0.004,0.016,0.01,0.005,0.01,0.01,0.01,0.012,0.003,0.015,0.011,0.013,0.013,0.005,0.016,0.014,0.011,0.015,0.011,0.02,0.011,0.018,0.011,0.017,0.01,0.014,0.01,0.015,0.009,0.013,0.014,0.02,0.013,0.016,0.016,0.015,0.013,0.015,0.015,0.018,0.021,0.018,0.016,0.023,0.013,0.013,0.022,0.014,0.013,0.019,0.008,0.021,0.017,0.017,0.016,0.014,0.014,0.009,0.018,0.015,0.02,0.008,0.011,0.005,0.005,0.005
74,0.0,0.0,0.0,0.001,0.002,0.001,0.0,0.0,0.001,0.002,0.001,0.0,0.001,0.006,0.002,0.006,0.007,0.001,0.004,0.001,0.001,0.003,0.007,0.005,0.008,0.006,0.008,0.009,0.005,0.002,0.01,0.004,0.007,0.007,0.008,0.007,0.008,0.006,0.007,0.012,0.01,0.014,0.008,0.011,0.012,0.007,0.008,0.01,0.008,0.016,0.016,0.008,0.009,0.018,0.016,0.009,0.014,0.014,0.018,0.018,0.014,0.01,0.014,0.015,0.011,0.015,0.01,0.007,0.014,0.016,0.022,0.013,0.025,0.017,0.021,0.016,0.014,0.016,0.018,0.017,0.021,0.01,0.02,0.015,0.02,0.016,0.016,0.02,0.015,0.012,0.011,0.016,0.013,0.016,0.015,0.012,0.016,0.008,0.007,0.006
75,0.0,0.0,0.0,0.002,0.0,0.0,0.0,0.001,0.0,0.001,0.002,0.004,0.002,0.001,0.005,0.003,0.002,0.003,0.001,0.003,0.005,0.003,0.006,0.005,0.007,0.005,0.005,0.003,0.01,0.008,0.011,0.009,0.007,0.005,0.004,0.008,0.006,0.011,0.008,0.009,0.007,0.008,0.008,0.017,0.012,0.011,0.012,0.013,0.01,0.009,0.012,0.014,0.013,0.01,0.012,0.016,0.014,0.013,0.011,0.014,0.01,0.014,0.013,0.015,0.013,0.022,0.015,0.022,0.017,0.014,0.016,0.011,0.019,0.017,0.01,0.02,0.014,0.015,0.024,0.016,0.012,0.024,0.013,0.014,0.013,0.014,0.016,0.014,0.018,0.018,0.016,0.013,0.02,0.01,0.011,0.008,0.017,0.017,0.011,0.003
76,0.0,0.0,0.0,0.0,0.002,0.0,0.0,0.002,0.001,0.001,0.002,0.003,0.005,0.001,0.002,0.002,0.001,0.003,0.002,0.002,0.004,0.003,0.004,0.01,0.007,0.003,0.005,0.009,0.001,0.006,0.006,0.003,0.005,0.006,0.009,0.008,0.011,0.008,0.007,0.006,0.011,0.01,0.007,0.012,0.009,0.006,0.01,0.013,0.012,0.015,0.013,0.008,0.015,0.012,0.019,0.007,0.011,0.01,0.016,0.017,0.009,0.009,0.007,0.014,0.013,0.016,0.013,0.013,0.019,0.013,0.015,0.021,0.015,0.015,0.016,0.021,0.024,0.014,0.016,0.015,0.018,0.023,0.021,0.016,0.013,0.019,0.017,0.019,0.019,0.017,0.019,0.016,0.012,0.015,0.014,0.014,0.014,0.012,0.017,0.004
77,0.0,0.0,0.0,0.0,0.0,0.001,0.0,0.0,0.002,0.002,0.002,0.002,0.002,0.002,0.002,0.004,0.002,0.005,0.004,0.001,0.001,0.002,0.003,0.004,0.003,0.001,0.005,0.007,0.006,0.009,0.006,0.004,0.008,0.006,0.007,0.011,0.007,0.004,0.01,0.004,0.012,0.008,0.009,0.009,0.008,0.012,0.009,0.013,0.012,0.011,0.007,0.013,0.017,0.013,0.013,0.012,0.012,0.01,0.017,0.018,0.009,0.017,0.013,0.023,0.012,0.017,0.019,0.012,0.023,0.015,0.014,0.01,0.023,0.013,0.019,0.018,0.022,0.012,0.019,0.016,0.016,0.02,0.018,0.017,0.021,0.016,0.012,0.018,0.011,0.016,0.019,0.02,0.019,0.013,0.017,0.015,0.014,0.006,0.008,0.004
78,0.0,0.0,0.0,0.0,0.001,0.0,0.0,0.001,0.002,0.0,0.0,0.002,0.002,0.004,0.003,0.001,0.0,0.003,0.006,0.003,0.002,0.005,0.005,0.0,0.003,0.002,0.001,0.003,0.002,0.003,0.003,0.008,0.006,0.005,0.002,0.004,0.007,0.013,0.004,0.012,0.009,0.007,0.01,0.007,0.004,0.01,0.007,0.008,0.008,0.011,0.014,0.006,0.012,0.007,0.004,0.015,0.012,0.011,0.015,0.019,0.015,0.011,0.015,0.021,0.012,0.021,0.02,0.024,0.015,0.012,0.011,0.02,0.019,0.017,0.011,0.02,0.02,0.021,0.017,0.018,0.014,0.025,0.019,0.021,0.023,0.011,0.02,0.021,0.017,0.018,0.018,0.014,0.013,0.017,0.029,0.018,0.018,0.013,0.011,0.006
79,0.0,0.0,0.0,0.001,0.0,0.0,0.001,0.001,0.002,0.002,0.0,0.001,0.001,0.0,0.004,0.0,0.007,0.004,0.005,0.001,0.002,0.0,0.001,0.001,0.006,0.007,0.005,0.009,0.007,0.006,0.006,0.004,0.006,0.003,0.005,0.011,0.005,0.006,0.002,0.006,0.009,0.013,0.007,0.004,0.008,0.011,0.009,0.003,0.016,0.016,0.013,0.013,0.003,0.008,0.006,0.007,0.009,0.012,0.011,0.013,0.014,0.016,0.012,0.013,0.007,0.014,0.023,0.01,0.015,0.019,0.015,0.018,0.02,0.015,0.017,0.016,0.017,0.015,0.019,0.012,0.015,0.021,0.021,0.017,0.028,0.017,0.025,0.025,0.023,0.021,0.026,0.018,0.02,0.016,0.017,0.018,0.015,0.016,0.011,0.004
80,0.0,0.001,0.0,0.0,0.0,0.001,0.001,0.001,0.0,0.0,0.0,0.0,0.003,0.004,0.0,0.002,0.003,0.001,0.006,0.002,0.005,0.002,0.003,0.003,0.005,0.005,0.01,0.004,0.004,0.006,0.006,0.004,0.007,0.001,0.002,0.004,0.007,0.001,0.005,0.01,0.008,0.008,0.012,0.004,0.008,0.012,0.009,0.01,0.007,0.005,0.014,0.012,0.008,0.011,0.01,0.018,0.012,0.011,0.014,0.014,0.009,0.011,0.012,0.017,0.018,0.015,0.017,0.012,0.013,0.012,0.016,0.027,0.013,0.015,0.02,0.014,0.023,0.021,0.019,0.02,0.021,0.021,0.017,0.024,0.018,0.024,0.017,0.019,0.02,0.02,0.014,0.018,0.022,0.017,0.019,0.019,0.02,0.011,0.006,0.003
81,0.0,0.0,0.0,0.0,0.0,0.001,0.001,0.001,0.0,0.0,0.0,0.003,0.001,0.0,0.002,0.0,0.001,0.002,0.002,0.003,0.003,0.006,0.002,0.006,0.001,0.004,0.005,0.004,0.004,0.002,0.008,0.004,0.007,0.005,0.002,0.007,0.008,0.012,0.009,0.007,0.008,0.005,0.003,0.008,0.011,0.006,0.01,0.011,0.011,0.015,0.013,0.006,0.011,0.008,0.01,0.011,0.014,0.011,0.012,0.013,0.014,0.012,0.011,0.011,0.013,0.009,0.009,0.017,0.021,0.018,0.013,0.013,0.02,0.017,0.013,0.017,0.013,0.017,0.024,0.017,0.024,0.011,0.021,0.026,0.028,0.017,0.024,0.023,0.022,0.026,0.023,0.016,0.017,0.014,0.017,0.018,0.022,0.017,0.009,0.006
82,0.0,0.0,0.0,0.0,0.0,0.0,0.0,0.0,0.002,0.0,0.0,0.0,0.0,0.001,0.002,0.001,0.005,0.002,0.003,0.002,0.001,0.002,0.004,0.005,0.002,0.003,0.003,0.002,0.007,0.003,0.005,0.002,0.004,0.008,0.006,0.011,0.005,0.007,0.006,0.004,0.007,0.008,0.003,0.009,0.003,0.015,0.008,0.01,0.008,0.003,0.012,0.01,0.008,0.009,0.01,0.011,0.012,0.01,0.014,0.008,0.01,0.011,0.009,0.011,0.017,0.011,0.013,0.009,0.017,0.018,0.016,0.014,0.019,0.016,0.011,0.022,0.024,0.024,0.03,0.016,0.017,0.018,0.028,0.021,0.021,0.02,0.022,0.021,0.019,0.018,0.018,0.017,0.034,0.024,0.018,0.028,0.018,0.014,0.01,0.01
83,0.0,0.0,0.002,0.0,0.0,0.001,0.0,0.002,0.001,0.0,0.0,0.001,0.002,0.001,0.001,0.002,0.003,0.001,0.002,0.001,0.002,0.003,0.005,0.004,0.001,0.004,0.003,0.002,0.001,0.005,0.003,0.001,0.0,0.004,0.007,0.007,0.003,0.006,0.008,0.007,0.003,0.005,0.008,0.012,0.005,0.008,0.012,0.01,0.009,0.013,0.013,0.009,0.011,0.009,0.008,0.011,0.012,0.012,0.009,0.009,0.017,0.018,0.007,0.013,0.012,0.015,0.013,0.013,0.02,0.013,0.018,0.014,0.019,0.022,0.013,0.02,0.025,0.018,0.018,0.017,0.024,0.014,0.021,0.023,0.019,0.026,0.013,0.02,0.02,0.024,0.027,0.02,0.022,0.014,0.019,0.011,0.026,0.025,0.012,0.011
84,0.0,0.001,0.0,0.0,0.0,0.0,0.0,0.001,0.0,0.002,0.0,0.0,0.0,0.0,0.004,0.001,0.004,0.002,0.001,0.002,0.001,0.003,0.002,0.003,0.003,0.005,0.004,0.005,0.006,0.002,0.001,0.004,0.002,0.006,0.004,0.006,0.005,0.006,0.004,0.003,0.005,0.01,0.007,0.006,0.001,0.01,0.004,0.005,0.008,0.01,0.011,0.012,0.008,0.007,0.015,0.008,0.013,0.007,0.007,0.012,0.01,0.011,0.013,0.014,0.017,0.006,0.02,0.013,0.017,0.018,0.02,0.018,0.01,0.018,0.007,0.013,0.02,0.015,0.017,0.016,0.021,0.02,0.027,0.025,0.021,0.032,0.027,0.028,0.015,0.026,0.025,0.016,0.022,0.024,0.019,0.026,0.021,0.028,0.016,0.009
85,0.0,0.0,0.0,0.0,0.0,0.0,0.0,0.001,0.001,0.0,0.0,0.002,0.001,0.0,0.001,0.0,0.002,0.001,0.003,0.002,0.003,0.003,0.0,0.001,0.0,0.003,0.003,0.002,0.004,0.0,0.003,0.003,0.005,0.002,0.004,0.002,0.005,0.003,0.0,0.008,0.006,0.005,0.007,0.008,0.005,0.009,0.009,0.008,0.008,0.013,0.006,0.013,0.012,0.011,0.014,0.008,0.01,0.015,0.014,0.011,0.016,0.009,0.021,0.009,0.022,0.014,0.012,0.008,0.018,0.015,0.015,0.015,0.016,0.011,0.019,0.023,0.015,0.019,0.017,0.02,0.021,0.02,0.023,0.021,0.017,0.022,0.026,0.023,0.027,0.017,0.03,0.028,0.023,0.017,0.021,0.018,0.023,0.023,0.02,0.006
86,0.0,0.0,0.0,0.0,0.0,0.0,0.0,0.0,0.0,0.001,0.002,0.003,0.001,0.0,0.0,0.0,0.003,0.002,0.001,0.002,0.002,0.002,0.002,0.001,0.001,0.0,0.003,0.004,0.001,0.01,0.002,0.002,0.006,0.005,0.002,0.008,0.007,0.007,0.004,0.005,0.009,0.008,0.005,0.01,0.006,0.011,0.004,0.006,0.008,0.005,0.006,0.009,0.008,0.004,0.012,0.012,0.007,0.011,0.016,0.01,0.009,0.013,0.011,0.014,0.007,0.016,0.011,0.013,0.017,0.012,0.021,0.012,0.024,0.013,0.019,0.018,0.023,0.025,0.018,0.016,0.022,0.023,0.017,0.015,0.027,0.032,0.017,0.019,0.031,0.024,0.016,0.023,0.022,0.028,0.025,0.021,0.022,0.012,0.025,0.011
87,0.0,0.0,0.0,0.0,0.0,0.001,0.0,0.002,0.0,0.003,0.0,0.0,0.001,0.0,0.0,0.0,0.001,0.002,0.003,0.001,0.003,0.001,0.004,0.002,0.0,0.002,0.005,0.002,0.005,0.002,0.006,0.006,0.003,0.004,0.002,0.004,0.007,0.005,0.006,0.006,0.005,0.004,0.002,0.01,0.007,0.005,0.006,0.006,0.002,0.01,0.008,0.01,0.009,0.008,0.007,0.007,0.013,0.01,0.018,0.011,0.013,0.016,0.012,0.012,0.012,0.013,0.018,0.014,0.02,0.008,0.012,0.016,0.021,0.016,0.017,0.018,0.01,0.016,0.02,0.019,0.021,0.02,0.02,0.021,0.028,0.021,0.022,0.024,0.024,0.015,0.019,0.022,0.017,0.025,0.03,0.032,0.028,0.026,0.018,0.017
88,0.0,0.0,0.0,0.0,0.0,0.0,0.0,0.001,0.0,0.0,0.001,0.001,0.001,0.0,0.001,0.0,0.002,0.0,0.001,0.002,0.0,0.002,0.003,0.001,0.001,0.001,0.0,0.008,0.0,0.002,0.001,0.002,0.002,0.003,0.006,0.003,0.003,0.005,0.001,0.005,0.011,0.005,0.005,0.005,0.004,0.002,0.012,0.008,0.006,0.005,0.008,0.007,0.009,0.01,0.006,0.006,0.013,0.009,0.011,0.01,0.008,0.012,0.008,0.012,0.007,0.014,0.017,0.016,0.019,0.012,0.017,0.014,0.01,0.016,0.013,0.022,0.017,0.026,0.019,0.024,0.021,0.016,0.025,0.016,0.022,0.022,0.027,0.026,0.025,0.024,0.033,0.037,0.028,0.022,0.03,0.027,0.027,0.022,0.023,0.013
89,0.0,0.0,0.0,0.0,0.0,0.001,0.0,0.0,0.0,0.001,0.0,0.0,0.001,0.003,0.0,0.0,0.0,0.0,0.003,0.001,0.0,0.002,0.003,0.001,0.001,0.003,0.001,0.001,0.001,0.003,0.001,0.002,0.003,0.003,0.006,0.004,0.005,0.002,0.003,0.005,0.006,0.007,0.005,0.007,0.006,0.005,0.008,0.005,0.008,0.006,0.008,0.002,0.007,0.002,0.005,0.017,0.016,0.009,0.006,0.012,0.012,0.008,0.012,0.01,0.01,0.017,0.011,0.012,0.018,0.007,0.013,0.021,0.013,0.01,0.014,0.016,0.018,0.022,0.014,0.017,0.017,0.02,0.022,0.028,0.03,0.025,0.016,0.023,0.024,0.02,0.026,0.027,0.031,0.037,0.031,0.025,0.04,0.026,0.023,0.027
90,0.0,0.0,0.0,0.0,0.0,0.0,0.0,0.0,0.001,0.0,0.0,0.0,0.0,0.001,0.002,0.0,0.0,0.0,0.002,0.001,0.001,0.001,0.004,0.001,0.004,0.001,0.001,0.002,0.002,0.003,0.002,0.001,0.004,0.003,0.004,0.003,0.005,0.003,0.003,0.009,0.002,0.007,0.004,0.007,0.006,0.007,0.007,0.004,0.003,0.009,0.011,0.01,0.005,0.005,0.01,0.005,0.012,0.01,0.007,0.011,0.009,0.008,0.007,0.01,0.011,0.012,0.009,0.018,0.013,0.008,0.009,0.019,0.017,0.018,0.018,0.014,0.021,0.018,0.019,0.02,0.019,0.021,0.025,0.021,0.029,0.022,0.027,0.022,0.031,0.021,0.028,0.022,0.031,0.024,0.034,0.028,0.029,0.032,0.03,0.02
91,0.0,0.0,0.0,0.0,0.0,0.0,0.001,0.001,0.0,0.0,0.0,0.0,0.001,0.001,0.001,0.001,0.0,0.002,0.001,0.001,0.0,0.001,0.001,0.002,0.002,0.002,0.002,0.001,0.0,0.003,0.002,0.0,0.001,0.004,0.002,0.005,0.001,0.002,0.001,0.004,0.002,0.004,0.002,0.007,0.005,0.004,0.007,0.009,0.007,0.008,0.01,0.011,0.008,0.004,0.011,0.01,0.009,0.008,0.009,0.007,0.014,0.006,0.013,0.018,0.011,0.009,0.012,0.017,0.008,0.013,0.015,0.012,0.014,0.019,0.02,0.015,0.024,0.014,0.012,0.014,0.02,0.025,0.022,0.027,0.016,0.028,0.022,0.025,0.025,0.032,0.031,0.023,0.024,0.04,0.028,0.041,0.03,0.028,0.027,0.018
92,0.0,0.0,0.0,0.0,0.0,0.001,0.0,0.0,0.001,0.001,0.0,0.0,0.0,0.001,0.0,0.0,0.0,0.001,0.001,0.002,0.0,0.001,0.001,0.001,0.001,0.002,0.007,0.001,0.002,0.0,0.005,0.0,0.001,0.002,0.002,0.001,0.002,0.003,0.0,0.005,0.002,0.004,0.004,0.003,0.002,0.004,0.001,0.004,0.002,0.006,0.007,0.009,0.003,0.004,0.008,0.005,0.004,0.007,0.01,0.012,0.014,0.011,0.009,0.011,0.008,0.014,0.005,0.012,0.012,0.016,0.012,0.018,0.015,0.013,0.011,0.015,0.011,0.02,0.012,0.021,0.02,0.025,0.02,0.028,0.019,0.027,0.023,0.028,0.027,0.023,0.024,0.044,0.029,0.029,0.036,0.036,0.037,0.043,0.04,0.036
93,0.0,0.0,0.0,0.0,0.0,0.0,0.0,0.0,0.0,0.0,0.0,0.0,0.001,0.0,0.0,0.001,0.001,0.001,0.001,0.0,0.001,0.0,0.0,0.002,0.001,0.002,0.001,0.002,0.002,0.003,0.001,0.004,0.002,0.004,0.004,0.002,0.002,0.003,0.0,0.004,0.004,0.003,0.003,0.006,0.004,0.003,0.005,0.004,0.008,0.002,0.003,0.005,0.005,0.009,0.005,0.004,0.006,0.008,0.01,0.008,0.01,0.005,0.007,0.006,0.01,0.005,0.012,0.012,0.014,0.016,0.01,0.014,0.012,0.018,0.014,0.012,0.022,0.021,0.014,0.02,0.017,0.015,0.02,0.021,0.023,0.018,0.03,0.031,0.035,0.036,0.032,0.049,0.03,0.03,0.041,0.026,0.041,0.04,0.033,0.028
94,0.0,0.0,0.0,0.0,0.0,0.0,0.0,0.0,0.0,0.0,0.0,0.0,0.001,0.0,0.001,0.0,0.0,0.0,0.0,0.0,0.001,0.001,0.0,0.001,0.0,0.0,0.001,0.001,0.001,0.004,0.002,0.003,0.003,0.001,0.003,0.003,0.001,0.005,0.003,0.002,0.003,0.002,0.002,0.004,0.007,0.004,0.005,0.002,0.003,0.005,0.006,0.005,0.007,0.007,0.009,0.004,0.006,0.01,0.003,0.008,0.005,0.008,0.009,0.011,0.017,0.015,0.007,0.009,0.016,0.013,0.014,0.012,0.018,0.019,0.015,0.01,0.014,0.018,0.016,0.023,0.017,0.015,0.024,0.022,0.016,0.033,0.02,0.026,0.019,0.02,0.038,0.033,0.038,0.032,0.038,0.049,0.039,0.036,0.041,0.035
95,0.0,0.0,0.0,0.0,0.0,0.0,0.0,0.0,0.0,0.0,0.0,0.0,0.0,0.0,0.0,0.001,0.0,0.0,0.0,0.001,0.001,0.0,0.0,0.001,0.0,0.0,0.002,0.0,0.0,0.0,0.001,0.0,0.001,0.002,0.0,0.003,0.001,0.0,0.003,0.003,0.002,0.005,0.0,0.005,0.001,0.004,0.004,0.005,0.006,0.0,0.005,0.008,0.002,0.008,0.006,0.003,0.006,0.007,0.009,0.006,0.001,0.011,0.009,0.01,0.009,0.012,0.008,0.01,0.011,0.012,0.014,0.015,0.011,0.018,0.012,0.018,0.016,0.018,0.015,0.016,0.018,0.021,0.012,0.016,0.023,0.032,0.026,0.029,0.029,0.034,0.028,0.042,0.043,0.034,0.035,0.045,0.042,0.056,0.034,0.043
96,0.0,0.0,0.0,0.0,0.0,0.0,0.0,0.0,0.0,0.001,0.0,0.001,0.0,0.0,0.0,0.0,0.0,0.0,0.001,0.0,0.001,0.0,0.0,0.0,0.001,0.0,0.002,0.001,0.0,0.001,0.001,0.0,0.001,0.003,0.001,0.001,0.002,0.001,0.003,0.004,0.002,0.006,0.003,0.001,0.002,0.002,0.004,0.005,0.001,0.003,0.005,0.003,0.003,0.002,0.002,0.006,0.005,0.006,0.008,0.008,0.01,0.005,0.007,0.016,0.009,0.008,0.007,0.011,0.005,0.011,0.006,0.011,0.011,0.006,0.015,0.02,0.017,0.017,0.026,0.024,0.016,0.025,0.024,0.018,0.025,0.016,0.02,0.031,0.023,0.026,0.02,0.024,0.034,0.035,0.043,0.053,0.043,0.053,0.061,0.065
97,0.0,0.0,0.0,0.0,0.0,0.0,0.0,0.0,0.0,0.0,0.0,0.0,0.0,0.0,0.0,0.0,0.0,0.0,0.0,0.0,0.0,0.001,0.0,0.001,0.0,0.0,0.0,0.0,0.001,0.002,0.001,0.003,0.0,0.001,0.0,0.001,0.0,0.0,0.002,0.0,0.003,0.0,0.002,0.002,0.003,0.003,0.001,0.001,0.0,0.005,0.001,0.0,0.003,0.004,0.004,0.004,0.005,0.004,0.002,0.004,0.004,0.003,0.007,0.008,0.004,0.006,0.005,0.008,0.013,0.006,0.012,0.015,0.007,0.005,0.011,0.011,0.014,0.013,0.011,0.014,0.018,0.02,0.024,0.016,0.014,0.022,0.038,0.02,0.033,0.031,0.029,0.034,0.031,0.052,0.055,0.045,0.045,0.069,0.074,0.089
98,0.0,0.0,0.0,0.0,0.0,0.0,0.0,0.0,0.0,0.0,0.0,0.0,0.0,0.0,0.0,0.0,0.0,0.0,0.0,0.0,0.0,0.0,0.0,0.0,0.0,0.0,0.0,0.001,0.0,0.0,0.0,0.001,0.004,0.0,0.001,0.001,0.001,0.0,0.001,0.0,0.001,0.0,0.002,0.001,0.003,0.003,0.001,0.003,0.003,0.003,0.0,0.002,0.001,0.004,0.003,0.004,0.001,0.003,0.003,0.001,0.003,0.005,0.006,0.003,0.004,0.004,0.009,0.004,0.005,0.007,0.008,0.011,0.01,0.011,0.006,0.011,0.01,0.01,0.013,0.018,0.017,0.02,0.021,0.018,0.02,0.016,0.02,0.025,0.031,0.028,0.04,0.033,0.027,0.036,0.051,0.06,0.046,0.069,0.104,0.108
99,0.0,0.0,0.0,0.0,0.0,0.0,0.0,0.0,0.0,0.0,0.0,0.0,0.0,0.0,0.0,0.0,0.0,0.0,0.0,0.0,0.0,0.0,0.0,0.0,0.0,0.0,0.0,0.0,0.002,0.002,0.0,0.0,0.0,0.0,0.0,0.0,0.0,0.0,0.0,0.002,0.0,0.003,0.0,0.002,0.0,0.0,0.0,0.001,0.0,0.001,0.002,0.002,0.006,0.0,0.002,0.001,0.002,0.0,0.002,0.003,0.003,0.006,0.002,0.005,0.002,0.008,0.002,0.007,0.007,0.005,0.008,0.009,0.002,0.011,0.005,0.008,0.008,0.011,0.01,0.013,0.011,0.015,0.016,0.011,0.024,0.024,0.025,0.022,0.024,0.038,0.03,0.047,0.034,0.063,0.046,0.051,0.063,0.069,0.094,0.128
100,0.0,0.0,0.0,0.0,0.0,0.0,0.0,0.0,0.0,0.0,0.0,0.0,0.0,0.0,0.0,0.0,0.0,0.0,0.0,0.0,0.0,0.0,0.0,0.0,0.0,0.0,0.0,0.0,0.0,0.0,0.0,0.0,0.001,0.0,0.0,0.0,0.0,0.0,0.002,0.0,0.0,0.0,0.0,0.0,0.001,0.0,0.001,0.0,0.0,0.0,0.001,0.001,0.0,0.002,0.0,0.001,0.002,0.0,0.001,0.002,0.001,0.003,0.001,0.004,0.001,0.004,0.001,0.002,0.003,0.002,0.007,0.003,0.001,0.001,0.003,0.004,0.011,0.004,0.008,0.007,0.01,0.01,0.008,0.006,0.011,0.009,0.008,0.014,0.023,0.019,0.034,0.033,0.03,0.038,0.037,0.064,0.077,0.099,0.126,0.258
